{
    "ip": "192.168.88.6",
    "home_position": [-90, -90, -90, 0, 90, 0],
    "speed": 0.5,
    "acceleration": 0.5,
    "pickle_path": "./pickles/trjs_bridge.pickle",
    "canvas_transformation": [
        [-0.99530759, 0.09630958, -0.00934106, 0.14644],
        [-0.04771632, -0.40454411, 0.91327281, -0.52441],
        [0.08417805,  0.90943308,  0.40724136,  0.42132],
        [0.0, 0.0, 0.0, 1.0]
    ]
}
